zone_index,x,y,z,period_count,current_period_index,next_period_index,rail_period_index,open_lanes,period_open_lanes,period_light_flags
59,3194.26708984375,-0.10999999940395355,1929.0723876953125,2,0,1,0,403;404;405,0:|1:403;404;405,"0:2,2|1:4,4"
105,3924.7294921875,-0.10999999940395355,1992.972900390625,2,0,1,0,699;700;701,0:|1:699;700;701,"0:2,2|1:4,4"
111,3592.15966796875,-0.10999999940395355,1458.46728515625,2,0,1,0,749;750;751,0:|1:749;750;751,"0:2,2|1:4,4"
142,1914.541748046875,-0.10999999940395355,2234.98876953125,5,0,1,0,891;892;893;894;895;896;897;898;899;900;901;902;903;904,0:895;898;896;900;899|1:897;896;901;899|2:902;904;892;894;891|3:903;904;893;891|4:,"0:20,0,20|1:24,0,24|2:0,20,0,20|3:0,24,0,24|4:2,2,2,2"
162,1912.708740234375,-0.10999999940395355,2383.8203125,2,0,1,0,1035;1036;1037,0:|1:1035;1036;1037,"0:2,2|1:4,4"
163,2585.99365234375,-0.10999999940395355,2322.2685546875,2,0,1,0,1039;1040;1041,0:|1:1039;1040;1041,"0:2,2|1:4,4"
204,3218.5146484375,-0.10999999940395355,2097.18505859375,2,0,1,0,1265;1266;1267,0:|1:1265;1266;1267,"0:2,2|1:4,4"
205,1173.810791015625,-0.10999999940395355,1790.318115234375,6,0,1,0,1269;1270;1271;1272;1273;1274;1275;1276;1277;1278;1279;1280;1281,0:1270;1276|1:1270;1271;1273;1276;1277;1281|2:1269;1271;1272;1273;1277;1278;1281|3:1275;1280|4:1271;1273;1275;1277;1280;1281|5:1271;1273;1274;1277;1279;1281,"0:2,16,2,8|1:4,16,16,24|2:4,20,16,24|3:8,0,16,2|4:12,16,16,16|5:12,16,24,16"
210,3137.72021484375,-0.10999999940395355,897.9396362304688,4,0,1,0,1303;1304;1305;1306;1307;1308;1309;1310,0:1306;1307;1308;1309|1:1304;1306;1307;1309;1310|2:1303;1304;1305;1306;1307;1309|3:,"0:16,12,0|1:24,4,16|2:16,4,20|3:2,2,2"
241,2684.685546875,-0.10999999940395355,1096.57275390625,4,0,1,0,1481;1482;1483;1484;1485;1486;1487;1488,0:1481;1482;1483;1487|1:1481;1482;1485;1487;1488|2:1481;1482;1484;1485;1486;1487|3:,"0:16,12,0|1:24,4,16|2:16,4,20|3:2,2,2"
246,1882.53466796875,-0.10493999719619751,1481.580810546875,2,0,1,0,1501;1502;1503,0:|1:1501;1502;1503,"0:2,2|1:4,4"
248,2867.16845703125,-0.10999999940395355,1609.043701171875,2,0,1,0,1508;1509;1510,0:|1:1508;1509;1510,"0:2,2|1:4,4"
292,3645.11865234375,-0.10999999940395355,2702.648193359375,4,0,1,0,1764;1765;1766;1767;1768;1769;1770;1771,0:1765;1770;1771|1:1764;1765;1766;1767;1768;1771|2:1765;1767;1768;1769;1771|3:,"0:16,24,0|1:20,16,4|2:16,16,12|3:2,2,2"
294,2422.218994140625,-0.10999999940395355,1111.4688720703125,4,0,1,0,1793;1794;1795;1796;1797;1798;1799;1800,0:1796;1797;1798;1799|1:1794;1796;1797;1799;1800|2:1793;1794;1795;1796;1797;1799|3:,"0:16,12,0|1:24,4,16|2:16,4,20|3:2,2,2"
346,964.6407470703125,-0.10999999940395355,1958.6015625,4,0,1,0,2106;2107;2108;2109;2110;2111;2112,0:2107;2111;2112|1:2106;2107;2108;2109;2111|2:2107;2109;2110;2111|3:,"0:16,24,0|1:20,16,4|2:16,16,12|3:2,2,2"
357,2154.53076171875,-0.09820500016212463,2235.298095703125,6,0,1,0,2179;2180;2181;2182;2183;2184;2185;2186;2187;2188;2189;2190;2191;2192;2193;2194,0:2179;2182;2187;2189|1:2179;2180;2182;2183;2187;2188;2189;2194|2:2180;2181;2183;2188;2190;2194|3:2184;2186;2192;2193|4:2180;2183;2184;2186;2188;2192;2193;2194|5:2180;2183;2185;2188;2191;2194,"0:2,4,2,4|1:16,20,16,20|2:16,24,16,24|3:4,2,4,2|4:20,16,20,16|5:24,16,24,16"
386,2586.0029296875,-0.10999999940395355,2571.558837890625,2,0,1,0,2348;2349;2350,0:|1:2348;2349;2350,"0:2,2|1:4,4"
395,1846.4744873046875,-0.10999999940395355,1309.15087890625,4,0,1,0,2399;2400;2401;2402;2403;2404;2405;2406,0:2402;2403;2404;2405|1:2400;2402;2403;2405;2406|2:2399;2400;2401;2402;2403;2405|3:,"0:16,12,0|1:24,4,16|2:16,4,20|3:2,2,2"
401,3210.81494140625,-0.10999999940395355,856.6865234375,2,0,1,0,2432;2433;2434;2435,0:|1:2432;2433;2434;2435,"0:2,2|1:4,4"
446,298.35626220703125,-0.10999999940395355,2084.3564453125,4,0,1,0,2716;2717;2718;2719;2720;2721;2722;2723,0:2716;2717;2718;2719;2720|1:2717;2719;2720;2721;2723|2:2717;2719;2720;2722;2723|3:,"0:4,20,0|1:12,16,16|2:4,16,24|3:2,2,2"
460,1720.347412109375,-0.10999999940395355,1767.2667236328125,4,0,1,0,2799;2800;2801;2802;2803;2804;2805,0:2799;2800;2801;2804|1:2799;2800;2803;2804;2805|2:2799;2800;2802;2803;2804|3:,"0:16,12,0|1:24,4,16|2:16,4,20|3:2,2,2"
461,637.0261840820312,-0.10999999940395355,1405.041259765625,1,0,0,0,,0:,0:
466,3081.35986328125,-0.10999999940395355,1947.5333251953125,4,0,1,0,2831;2832;2833;2834;2835;2836;2837,0:2831;2832;2834;2835|1:2831;2832;2833;2835;2836|2:2831;2832;2835;2836;2837|3:,"0:4,20,0|1:12,16,16|2:4,16,24|3:2,2,2"
479,626.7813720703125,-0.10999999940395355,1631.642333984375,3,0,1,0,2911;2912;2913;2914;2915,0:2911;2912;2913;2914|1:2911;2912;2914;2915|2:,"0:4,4,16|1:4,0,24|2:2,2,2"
480,3150.274169921875,-0.10999999940395355,2502.882568359375,4,0,1,0,2919;2920;2921;2922;2923;2924;2925;2926,0:2922;2923;2924;2926|1:2920;2922;2923;2925;2926|2:2919;2920;2921;2922;2923;2926|3:,"0:16,12,0|1:24,4,16|2:16,4,20|3:2,2,2"
481,777.6038208007812,-0.10999999940395355,1668.2021484375,4,0,1,0,2930;2931;2932;2933;2934;2935,0:2931;2934;2935|1:2930;2931;2932;2935|2:2931;2932;2933;2935|3:,"0:16,24,0|1:20,16,4|2:16,16,12|3:2,2,2"
497,2002.235107421875,-0.10999999940395355,2044.3848876953125,2,0,1,0,3020;3021;3022,0:|1:3020;3021;3022,"0:2,2|1:4,4"
509,2587.568359375,-0.10999999940395355,2061.430908203125,4,0,1,0,3070;3071;3072;3073;3074;3075;3076,0:3074;3075;3076|1:3070;3071;3073;3074;3075|2:3070;3071;3072;3074;3075|3:,"0:16,24,0|1:20,16,4|2:16,16,12|3:2,2,2"
519,846.8596801757812,-0.10999999940395355,2096.89892578125,6,0,1,0,3181;3182;3183;3184;3185;3186;3187;3188;3189;3190;3191;3192;3193;3194;3195,0:3183;3184;3192;3193|1:3182;3183;3184;3185;3191;3192;3193;3194|2:3181;3182;3185;3191;3194;3195|3:3186;3187;3190|4:3182;3185;3186;3187;3190;3191;3194|5:3182;3185;3188;3189;3191;3194,"0:2,4,2,4|1:16,20,16,20|2:16,24,16,24|3:4,2,4,2|4:20,16,20,16|5:24,16,24,16"
532,2610.7373046875,-0.10999999940395355,1739.0152587890625,4,0,1,0,3308;3309;3310;3311;3312;3313;3314;3315,0:3308;3311;3312|1:3308;3309;3310;3311;3313;3314|2:3308;3311;3313;3314;3315|3:,"0:16,24,0|1:20,16,4|2:16,16,12|3:2,2,2"
536,1411.252685546875,-0.10999999940395355,1768.1014404296875,4,0,1,0,3333;3334;3335;3336;3337;3338;3339,0:3333;3334;3335;3338|1:3333;3334;3337;3338;3339|2:3333;3334;3336;3337;3338|3:,"0:16,12,0|1:24,4,16|2:16,4,20|3:2,2,2"
551,553.1268310546875,-0.10999999940395355,1570.8590087890625,4,0,1,0,3452;3453;3454;3455;3456;3457;3458;3459;3460;3461;3462,0:3452;3453;3454;3455;3456|1:3452;3454;3455;3456;3457;3458;3460|2:3452;3454;3455;3456;3459;3460;3461;3462|3:,"0:16,12,0|1:24,4,16|2:16,4,20|3:2,2,2"
554,1400.00439453125,-0.10999999940395355,2235.2861328125,6,0,1,0,3480;3481;3482;3483;3484;3485;3486;3487;3488;3489;3490;3491;3492;3493,0:3480;3482;3484|1:3480;3481;3482;3484;3485;3487;3490|2:3481;3483;3485;3486;3487;3490|3:3489;3491;3493|4:3481;3485;3487;3489;3490;3491;3493|5:3481;3485;3487;3488;3490;3492,"0:2,4,2,4|1:16,20,16,20|2:16,24,16,24|3:4,2,4,2|4:20,16,20,16|5:24,16,24,16"
559,3758.962890625,-0.10999999940395355,1634.88525390625,2,0,1,0,3515;3516;3517,0:|1:3515;3516;3517,"0:2,2|1:4,4"
579,2586.04833984375,-0.10999999940395355,2483.0009765625,6,0,1,0,3629;3630;3631;3632;3633;3634;3635;3636;3637;3638;3639;3640;3641;3642,0:3632;3635;3637|1:3629;3632;3633;3635;3636;3637;3640|2:3629;3633;3634;3636;3638;3640|3:3631;3639;3641|4:3629;3631;3633;3636;3639;3640;3641|5:3629;3630;3633;3636;3640;3642,"0:2,4,2,4|1:16,20,16,20|2:16,24,16,24|3:4,2,4,2|4:20,16,20,16|5:24,16,24,16"
639,1208.4046630859375,-0.10999999940395355,1484.023193359375,4,0,1,0,4025;4026;4027;4028;4029;4030;4031,0:4025;4027;4028;4029|1:4025;4026;4028;4030|2:4025;4028;4030;4031|3:,"0:4,20,0|1:12,16,16|2:4,16,24|3:2,2,2"
654,3749.426025390625,-0.10999999940395355,2339.898193359375,2,0,1,0,4105;4106;4107,0:|1:4105;4106;4107,"0:2,2|1:4,4"
663,3017.37548828125,-0.10999999940395355,1604.4012451171875,4,0,1,0,4149;4150;4151;4152;4153;4154;4155,0:4152;4154;4155|1:4149;4151;4152;4153;4154|2:4149;4150;4152;4154|3:,"0:16,24,0|1:20,16,4|2:16,16,12|3:2,2,2"
672,1478.814208984375,-0.10999999940395355,2052.623046875,4,0,1,0,4210;4211;4212;4213;4214;4215;4216,0:4213;4214;4216|1:4211;4213;4215;4216|2:4210;4211;4212;4213;4216|3:,"0:16,12,0|1:24,4,16|2:16,4,20|3:2,2,2"
675,2777.07373046875,-0.10999999940395355,1740.45849609375,2,0,1,0,4232;4233;4234;4235,0:|1:4232;4233;4234;4235,"0:2,2|1:4,4"
707,733.5656127929688,-0.10999999940395355,2214.6123046875,4,0,1,0,4395;4396;4397;4398;4399;4400;4401,0:4396;4400;4401|1:4395;4396;4397;4398;4401|2:4396;4397;4398;4399;4401|3:,"0:16,24,0|1:20,16,4|2:16,16,12|3:2,2,2"
709,1332.00048828125,-0.10999999940395355,1591.392578125,4,0,1,0,4420;4421;4422;4423;4424;4425;4426,0:4420;4421;4422|1:4420;4422;4423;4424;4426|2:4420;4422;4425;4426|3:,"0:16,24,0|1:20,16,4|2:16,16,12|3:2,2,2"
723,2790.826904296875,-0.10999999940395355,2322.9169921875,2,0,1,0,4506;4507;4508,0:|1:4506;4507;4508,"0:2,2|1:4,4"
729,2788.75830078125,-0.10999999940395355,2482.2490234375,4,0,1,0,4543;4544;4545;4546;4547;4548;4549,0:4543;4544;4548|1:4543;4545;4547;4548;4549|2:4543;4545;4546;4547;4548|3:,"0:16,24,0|1:20,16,4|2:16,16,12|3:2,2,2"
739,2306.43798828125,-0.10999999940395355,1758.694580078125,4,0,1,0,4651;4652;4653;4654;4655;4656;4657;4658,0:4651;4652;4653;4657|1:4651;4652;4655;4657;4658|2:4651;4652;4654;4655;4656;4657|3:,"0:16,12,0|1:24,4,16|2:16,4,20|3:2,2,2"
770,2438.42529296875,-0.10999999940395355,1757.2158203125,4,0,1,0,4907;4908;4909;4910;4911;4912;4913;4914;4915,0:4907;4908;4909;4913|1:4907;4908;4911;4913;4914;4915|2:4907;4908;4910;4911;4912;4913|3:,"0:16,12,0|1:24,4,16|2:16,4,20|3:2,2,2"
785,1296.1815185546875,-0.10999999940395355,1901.1910400390625,3,0,1,0,4998;4999;5000;5001;5002,0:4998;4999;5000;5001|1:4998;4999;5001;5002|2:,"0:4,4,16|1:4,0,24|2:2,2,2"
796,2772.076171875,-0.10999999940395355,2063.068603515625,2,0,1,0,5082;5083;5084,0:|1:5082;5083;5084,"0:2,2|1:4,4"
801,1690.441650390625,-0.10999999940395355,2496.4296875,2,0,1,0,5097;5098;5099;5100,0:|1:5097;5098;5099;5100,"0:2,2|1:16,8"
803,2586.84716796875,-0.10999999940395355,2232.674072265625,6,0,1,0,5105;5106;5107;5108;5109;5110;5111;5112;5113;5114;5115;5116;5117;5118,0:5105;5107;5109|1:5105;5106;5107;5109;5111;5112;5116|2:5106;5108;5110;5111;5112;5116|3:5113;5115;5118|4:5106;5111;5112;5113;5115;5116;5118|5:5106;5111;5112;5114;5116;5117,"0:2,4,2,4|1:16,20,16,20|2:16,24,16,24|3:4,2,4,2|4:20,16,20,16|5:24,16,24,16"
816,3422.87158203125,-0.10999999940395355,1813.18505859375,4,0,1,0,5199;5200;5201;5202;5203;5204;5205,0:5199;5200;5204|1:5199;5202;5204;5205|2:5199;5201;5202;5203;5204|3:,"0:16,12,0|1:24,4,16|2:16,4,20|3:2,2,2"
827,2307.785400390625,-0.10999999940395355,2495.20166015625,4,0,1,0,5280;5281;5282;5283;5284;5285;5286,0:5281;5285;5286|1:5280;5281;5282;5286|2:5281;5282;5283;5284;5286|3:,"0:16,12,0|1:24,4,16|2:16,4,20|3:2,2,2"
856,1561.69775390625,-0.06636500358581543,1268.4237060546875,4,0,1,0,5474;5475;5476;5477;5478;5479;5480;5481,0:5478;5480;5481|1:5474;5475;5477;5478;5479;5480|2:5474;5475;5476;5478;5480|3:,"0:16,24,0|1:20,16,4|2:16,16,12|3:2,2,2"
857,1428.2196044921875,-0.10999999940395355,2475.308837890625,6,0,1,0,5485;5486;5487;5488;5489;5490;5491;5492;5493;5494;5495;5496;5497,0:5489;5493|1:5485;5489;5490;5492;5493;5496|2:5485;5488;5490;5491;5492;5494;5496|3:5487;5495|4:5485;5487;5490;5492;5495;5496|5:5485;5486;5490;5492;5496;5497,"0:2,16,2,8|1:4,16,16,24|2:4,20,16,24|3:8,2,16,2|4:12,16,16,16|5:12,16,24,16"
866,3355.5732421875,-0.10999999940395355,1811.857421875,4,0,1,0,5533;5534;5535;5536;5537;5538;5539,0:5536;5537;5538;5539|1:5533;5535;5536;5537|2:5533;5534;5536;5537|3:,"0:4,20,0|1:12,16,16|2:4,16,24|3:2,2,2"
882,3747.897216796875,-0.10999999940395355,1530.2843017578125,6,0,1,0,5679;5680;5681;5682;5683;5684;5685;5686;5687;5688;5689;5690;5691;5692,0:5680;5682;5690|1:5679;5680;5682;5683;5689;5690;5691|2:5679;5681;5683;5689;5691;5692|3:5684;5685;5688|4:5679;5683;5684;5685;5688;5689;5691|5:5679;5683;5686;5687;5689;5691,"0:2,4,2,4|1:16,20,16,20|2:16,24,16,24|3:4,2,4,2|4:20,16,20,16|5:24,16,24,16"
914,765.2191162109375,-0.10999999940395355,1469.05810546875,3,0,1,0,5913;5914;5915;5916;5917,0:5913;5914;5915;5917|1:5913;5914;5916;5917|2:,"0:12,16,0|1:4,20,0|2:2,2,2"
915,1572.0224609375,-0.10999999940395355,2035.6710205078125,4,0,1,0,5921;5922;5923;5924;5925;5926;5927,0:5921;5922;5923;5924|1:5922;5924;5925;5927|2:5922;5924;5926;5927|3:,"0:4,20,0|1:12,16,16|2:4,16,24|3:2,2,2"
933,3340.35498046875,-0.10999999940395355,1701.7259521484375,4,0,1,0,6018;6019;6020;6021;6022;6023;6024;6025;6026,0:6018;6019;6020;6021;6025|1:6018;6019;6020;6023;6025;6026|2:6018;6019;6020;6022;6023;6024;6025|3:,"0:16,12,0|1:24,4,16|2:16,4,20|3:2,2,2"
961,1188.390869140625,-0.10999999940395355,2027.6331787109375,2,0,1,0,6211;6212;6213,0:6211;6212;6213|1:,"0:16,0,20|1:2,2,2"
964,2587.53857421875,-0.10999999940395355,2681.4091796875,4,0,1,0,6238;6239;6240;6241;6242;6243;6244;6245,0:6242;6244;6245|1:6238;6239;6241;6242;6243;6244|2:6238;6239;6240;6242;6244|3:,"0:16,24,0|1:20,16,4|2:16,16,12|3:2,2,2"
975,2312.421875,-0.10999999940395355,2717.490478515625,4,0,1,0,6326;6327;6328;6329;6330;6331;6332;6333,0:6330;6332;6333|1:6326;6327;6329;6330;6331;6332|2:6326;6327;6328;6330;6332|3:,"0:16,24,0|1:20,16,4|2:16,16,12|3:2,2,2"
976,3608.67041015625,-0.10999999940395355,1590.68798828125,6,0,1,0,6337;6338;6339;6340;6341;6342;6343;6344;6345;6346;6347;6348;6349;6350,0:6337;6340;6342|1:6337;6339;6340;6341;6342;6344;6347|2:6338;6339;6341;6343;6344;6347|3:6346;6348;6350|4:6339;6341;6344;6346;6347;6348;6350|5:6339;6341;6344;6345;6347;6349,"0:2,4,2,4|1:16,20,16,20|2:16,24,16,24|3:4,2,4,2|4:20,16,20,16|5:24,16,24,16"
993,1410.49267578125,-0.06636500358581543,2653.08984375,5,0,1,0,6455;6456;6457;6458;6459;6460;6461;6462,0:6455;6456;6457;6458;6459|1:6456;6458;6459;6460;6461|2:6456;6458;6459;6461;6462|3:|4:6455;6457;6458;6459,"0:4,20,0|1:12,16,16|2:4,16,24|3:2,2,0|4:4,4,0"
1022,1589.083740234375,-0.10999999940395355,2244.38330078125,6,0,1,0,6682;6683;6684;6685;6686;6687;6688;6689;6690;6691;6692;6693;6694;6695,0:6682;6685;6687|1:6682;6684;6685;6686;6687;6689;6692|2:6683;6684;6686;6688;6689;6692|3:6691;6693;6695|4:6684;6686;6689;6691;6692;6693;6695|5:6684;6686;6689;6690;6692;6694,"0:2,4,2,4|1:16,20,16,20|2:16,24,16,24|3:4,2,4,2|4:20,16,20,16|5:24,16,24,16"
1060,3362.72998046875,-0.05000000074505806,2150.79443359375,4,0,1,0,6919;6920;6921;6922;6923;6924;6925;6926,0:6919;6920;6921;6924;6925|1:6919;6922;6924;6925;6926|2:6919;6922;6923;6924;6925|3:,"0:4,20,0|1:12,16,16|2:4,16,24|3:2,2,2"
1082,2150.97998046875,-0.10999999940395355,1760.427001953125,4,0,1,0,7039;7040;7041;7042;7043;7044;7045;7046,0:7039;7040;7041;7045|1:7039;7040;7043;7045;7046|2:7039;7040;7042;7043;7044;7045|3:,"0:16,12,0|1:24,4,16|2:16,4,20|3:2,2,2"
1096,2153.4677734375,-0.10999999940395355,2322.861083984375,2,0,1,0,7103;7104;7105,0:|1:7103;7104;7105,"0:2,2|1:4,4"
1100,3932.64306640625,-0.10999999940395355,2391.865478515625,2,0,1,0,7119;7120;7121;7122,0:|1:7119;7120;7121;7122,"0:2,2|1:4,4"
1105,3299.060546875,-0.10999999940395355,998.65966796875,2,0,1,0,7136;7137;7138,0:|1:7136;7137;7138,"0:2,2|1:4,4"
1109,3026.025146484375,-0.10999999940395355,1178.5865478515625,2,0,1,0,7155;7156;7157,0:|1:7155;7156;7157,"0:2,2|1:4,4"
1124,3523.074462890625,-0.10999999940395355,2417.92822265625,6,0,1,0,7235;7236;7237;7238;7239;7240;7241;7242;7243;7244;7245;7246;7247;7248,0:7235;7237;7239|1:7235;7236;7237;7239;7241;7243;7245|2:7236;7238;7240;7241;7243;7245|3:7244;7246;7248|4:7236;7241;7243;7244;7245;7246;7248|5:7236;7241;7242;7243;7245;7247,"0:0,4,2,4|1:16,20,16,20|2:16,24,16,24|3:4,0,4,2|4:20,16,20,16|5:24,16,24,16"
1137,1824.5947265625,-0.10999999940395355,2050.957763671875,4,0,1,0,7321;7322;7323;7324;7325;7326;7327,0:7321;7322;7323|1:7321;7323;7324;7325;7327|2:7321;7323;7325;7326;7327|3:,"0:16,24,0|1:20,16,4|2:16,16,12|3:2,2,2"
1148,2301.22412109375,-0.10999999940395355,2578.420654296875,4,0,1,0,7400;7401;7402;7403;7404;7405;7406,0:7400;7401;7402|1:7400;7402;7403;7404;7406|2:7400;7402;7404;7405;7406|3:,"0:16,24,0|1:20,16,4|2:16,16,12|3:2,2,2"
1191,865.0404663085938,-0.10999999940395355,1740.727294921875,2,0,1,0,7661;7662,0:|1:7661;7662,"0:2,2|1:4,4"
1202,3860.73828125,-0.10999999940395355,2537.87939453125,4,0,1,0,7738;7739;7740;7741;7742;7743;7744;7745,0:7742;7744;7745|1:7738;7739;7741;7742;7743;7744|2:7738;7739;7740;7742;7744|3:,"0:16,24,0|1:20,16,4|2:16,16,12|3:2,2,2"
1207,1116.9827880859375,-0.10999999940395355,2093.2578125,6,0,1,0,7767;7768;7769;7770;7771;7772;7773;7774;7775;7776,0:7776|1:7768;7774;7775;7776|2:7768;7773;7774;7775|3:7767;7769;7771|4:7767;7768;7769;7771;7773;7775|5:7768;7770;7772;7773;7775,"0:2,4,2,0|1:16,28,0,0|2:16,24,16,0|3:4,2,4,2|4:20,16,20,0|5:24,16,24,0"
1208,3665.273681640625,-0.10999999940395355,1985.570556640625,4,0,1,0,7783;7784;7785;7786;7787;7788;7789,0:7784;7787;7788;7789|1:7783;7784;7785;7787;7789|2:7784;7785;7786;7787;7789|3:,"0:16,12,0|1:24,4,16|2:16,4,20|3:2,2,2"
1220,1000.699951171875,-0.10814999788999557,1306.04541015625,4,0,1,0,7854;7855;7856;7857;7858;7859;7860,0:7856;7857;7858;7860|1:7855;7856;7859;7860|2:7854;7855;7856;7860|3:,"0:4,20,0|1:12,16,16|2:4,16,24|3:2,2,2"
1222,1239.430419921875,-0.10999999940395355,2168.80517578125,2,0,1,0,7867;7868;7869,0:|1:7867;7868;7869,"0:2,2|1:4,4"
1250,1456.30322265625,-0.10999999940395355,1439.039306640625,4,0,1,0,8052;8053;8054;8055;8056;8057;8058,0:8052;8053;8056|1:8052;8055;8056;8057;8058|2:8052;8054;8055;8056|3:,"0:16,24,0|1:20,16,4|2:16,16,12|3:2,2,2"
1256,2436.72265625,-0.10999999940395355,2039.38525390625,4,0,1,0,8089;8090;8091;8092;8093;8094;8095,0:8089;8090;8091;8092|1:8090;8092;8093;8094|2:8090;8092;8094;8095|3:,"0:4,20,0|1:12,16,16|2:4,16,24|3:2,2,2"
1260,3709.30712890625,-0.10999999940395355,2478.924560546875,6,0,1,0,8108;8109;8110;8111;8112;8113;8114;8115;8116;8117;8118;8119;8120;8121,0:8108;8110;8112|1:8108;8109;8110;8112;8113;8115;8120|2:8109;8111;8113;8114;8115;8120|3:8116;8118;8121|4:8109;8113;8115;8116;8118;8120;8121|5:8109;8113;8115;8117;8119;8120,"0:2,4,2,4|1:16,20,16,20|2:16,24,16,24|3:4,2,4,2|4:20,16,20,16|5:24,16,24,16"
1276,535.6932373046875,-0.10999999940395355,1831.585205078125,4,0,1,0,8209;8210;8211;8212;8213;8214;8215,0:8212;8214;8215|1:8209;8211;8212;8213;8214|2:8209;8210;8212;8214|3:,"0:16,24,0|1:20,16,4|2:16,16,12|3:2,2,2"
1288,1073.4801025390625,-0.10999999940395355,1370.595703125,4,0,1,0,8282;8283;8284;8285;8286;8287;8288,0:8283;8287;8288|1:8282;8283;8284;8285;8287|2:8283;8284;8285;8286;8287|3:,"0:16,24,0|1:20,16,4|2:16,16,12|3:2,2,2"
1321,4100.79638671875,-0.10999999940395355,1792.905029296875,4,0,1,0,8475;8476;8477;8478;8479;8480;8481;8482,0:8479;8481;8482|1:8475;8476;8478;8479;8480;8481|2:8475;8476;8477;8479;8481|3:,"0:16,24,0|1:20,16,4|2:16,16,12|3:2,2,2"
1353,794.0366821289062,-0.10999999940395355,1816.724853515625,4,0,1,0,8659;8660;8661;8662;8663;8664;8665,0:8660;8664;8665|1:8659;8660;8661;8662;8664|2:8660;8662;8663;8664|3:,"0:16,24,0|1:20,16,4|2:16,16,12|3:2,2,2"
1381,3459.752197265625,-0.10999999940395355,1292.088623046875,2,0,1,0,8819;8820;8821,0:|1:8819;8820;8821,"0:2,2|1:4,4"
1398,1573.60888671875,-0.10999999940395355,1767.3883056640625,4,0,1,0,8915;8916;8917;8918;8919;8920;8921,0:8915;8916;8917;8920|1:8915;8916;8919;8920;8921|2:8915;8916;8918;8919;8920|3:,"0:16,12,0|1:24,4,16|2:16,4,20|3:2,2,2"
1408,1907.9974365234375,-0.06448999792337418,2717.59521484375,5,0,1,0,8982;8983;8984;8985;8986;8987;8988;8989,0:8982;8983;8985;8986;8987|1:8982;8983;8984;8986;8988|2:8982;8983;8986;8988;8989|3:|4:8982;8983;8985;8987,"0:4,20,0|1:12,16,16|2:4,16,24|3:2,2,0|4:4,4,0"
1418,3540.19921875,-0.10999999940395355,1075.1070556640625,2,0,1,0,9019;9020;9021,0:|1:9019;9020;9021,"0:2,2|1:4,4"
1433,2430.47998046875,-0.10999999940395355,1357.96826171875,4,0,1,0,9092;9093;9094;9095;9096;9097;9098,0:9092;9093;9094;9095|1:9092;9094;9095;9096;9098|2:9092;9094;9095;9097;9098|3:,"0:16,12,0|1:24,4,16|2:16,4,20|3:2,2,2"
1438,3378.593017578125,-0.10999999940395355,2361.853759765625,4,0,1,0,9142;9143;9144;9145;9146;9147;9148,0:9142;9143;9145;9146|1:9142;9143;9144;9146;9147|2:9142;9143;9146;9147;9148|3:,"0:4,20,0|1:12,16,16|2:4,16,24|3:2,2,2"
1442,2004.6263427734375,-0.10999999940395355,2235.20458984375,2,0,1,0,9175;9176;9177,0:|1:9175;9176;9177,"0:2,2|1:4,4"
1483,1723.809814453125,-0.10999999940395355,2236.47705078125,2,0,1,0,9447;9448;9449,0:|1:9447;9448;9449,"0:2,2|1:4,4"
1488,2994.93408203125,-0.10999999940395355,1496.474853515625,2,0,1,0,9479;9480;9481,0:|1:9479;9480;9481,"0:2,2|1:4,4"
1489,1406.818115234375,-0.10999999940395355,1992.3062744140625,6,0,1,0,9483;9484;9485;9486;9487;9488;9489;9490;9491;9492;9493;9494;9495;9496,0:9484;9489;9491|1:9484;9485;9486;9489;9490;9491;9494|2:9483;9485;9486;9490;9492;9494|3:9488;9493;9496|4:9485;9486;9488;9490;9493;9494;9496|5:9485;9486;9487;9490;9494;9495,"0:2,4,2,4|1:16,20,16,20|2:16,24,16,24|3:4,2,4,2|4:20,16,20,16|5:24,16,24,16"
1493,4052.015625,-0.10999999940395355,2004.0760498046875,4,0,1,0,9513;9514;9515;9516;9517;9518;9519;9520,0:9517;9519;9520|1:9513;9514;9516;9517;9518;9519|2:9513;9514;9515;9517;9519|3:,"0:16,24,0|1:20,16,4|2:16,16,12|3:2,2,2"
1506,3033.762939453125,-0.10989999771118164,1725.659912109375,7,0,1,0,9616;9617;9618;9619;9620;9621;9622;9623;9624;9625;9626;9627;9628;9629,0:9624;9626;9629|1:9617;9621;9623;9624;9626;9628;9629|2:9617;9621;9623;9625;9627;9628|3:9616;9618;9620|4:9616;9617;9618;9620;9621;9623;9628|5:9617;9619;9621;9622;9623;9628|6:9616;9618;9620,"0:2,4,2,4|1:16,20,16,20|2:16,24,16,24|3:4,2,4,2|4:20,16,20,16|5:24,16,24,16|6:4,2,4,2"
1509,2306.109375,-0.10999999940395355,2034.0775146484375,4,0,1,0,9649;9650;9651;9652;9653;9654;9655,0:9650;9654;9655|1:9649;9650;9651;9652;9655|2:9650;9652;9653;9655|3:,"0:16,24,0|1:20,16,4|2:16,16,12|3:2,2,2"
1520,1227.9501953125,-0.10999999940395355,2623.254150390625,2,0,1,0,9715;9716;9717;9718,0:|1:9715;9716;9717;9718,"0:2,2|1:4,4"
1530,1712.570068359375,-0.10999999940395355,2049.771728515625,6,0,1,0,9755;9756;9757;9758;9759;9760;9761;9762;9763;9764;9765;9766;9767;9768;9769,0:9755;9758;9762;9764|1:9755;9756;9758;9759;9762;9763;9764;9767|2:9756;9757;9759;9763;9765;9767|3:9761;9766;9769|4:9756;9759;9761;9763;9766;9767;9769|5:9756;9759;9760;9763;9767;9768,"0:2,4,2,4|1:16,20,16,20|2:16,24,16,24|3:4,2,4,2|4:20,16,20,16|5:24,16,24,16"
1557,2430.652587890625,-0.10999999940395355,1612.811279296875,2,0,1,0,9925;9926;9927,0:|1:9925;9926;9927,"0:2,2|1:16,8"
1571,3443.18994140625,-0.10999999940395355,2173.88037109375,6,0,1,0,9985;9986;9987;9988;9989;9990;9991;9992;9993;9994;9995;9996;9997;9998,0:9985;9987;9989|1:9985;9986;9987;9989;9991;9993;9995|2:9986;9988;9990;9991;9993;9995|3:9994;9996;9998|4:9986;9991;9993;9994;9995;9996;9998|5:9986;9991;9992;9993;9995;9997,"0:2,4,2,4|1:16,20,16,20|2:16,24,16,24|3:4,2,4,2|4:20,16,20,16|5:24,16,24,16"
1584,3991.9248046875,-0.10999999940395355,2211.18310546875,4,0,1,0,10083;10084;10085;10086;10087;10088;10089;10090,0:10087;10089;10090|1:10083;10084;10086;10087;10088;10089|2:10083;10084;10085;10087;10089|3:,"0:16,24,0|1:20,16,4|2:16,16,12|3:2,2,2"
1587,1912.603759765625,-0.10999999940395355,2497.785400390625,2,0,1,0,10100;10101;10102,0:|1:10100;10101;10102,"0:2,2|1:4,4"
1588,820.1456298828125,-0.10999999940395355,1144.827392578125,4,0,1,0,10104;10105;10106;10107;10108;10109;10110;10111,0:10108;10110;10111|1:10104;10105;10107;10108;10109;10110|2:10104;10105;10106;10108;10110|3:,"0:16,24,0|1:20,16,4|2:16,16,12|3:2,2,2"
1594,2506.873046875,-0.10999999940395355,2050.90771484375,2,0,1,0,10145;10146;10147,0:|1:10145;10146;10147,"0:2,2|1:4,4"
1624,3956.575439453125,-0.10999999940395355,1785.012939453125,2,0,1,0,10328;10329;10330,0:|1:10328;10329;10330,"0:2,2|1:4,4"
1631,3696.03662109375,-0.10999999940395355,1303.638916015625,6,0,1,0,10370;10371;10372;10373;10374;10375;10376;10377;10378;10379;10380;10381;10382;10383,0:10370;10372;10374|1:10370;10371;10372;10374;10375;10377;10382|2:10371;10373;10375;10376;10377;10382|3:10378;10380;10383|4:10371;10375;10377;10378;10380;10382;10383|5:10371;10375;10377;10379;10381;10382,"0:2,4,2,4|1:16,20,16,20|2:16,24,16,24|3:4,2,4,2|4:20,16,20,16|5:24,16,24,16"
1648,3058.86279296875,-0.10999999940395355,1850.3858642578125,3,0,1,0,10453;10454;10455,0:|1:10453;10454;10455|2:,"0:2,2|1:4,4|2:2,2"
1650,1031.658447265625,-0.10999999940395355,1685.5399169921875,2,0,1,0,10460;10461;10462,0:|1:10460;10461;10462,"0:2,2|1:4,4"
1679,1312.828125,-0.10811500251293182,1340.400634765625,6,0,1,0,10589;10590;10591;10592;10593;10594;10595;10596;10597;10598;10599;10600;10601;10602,0:10593;10595;10601|1:10591;10592;10593;10595;10598;10601;10602|2:10591;10592;10594;10598;10600;10602|3:10590;10596;10597|4:10590;10591;10592;10596;10597;10598;10602|5:10589;10591;10592;10598;10599;10602,"0:2,4,2,4|1:16,20,16,20|2:16,24,16,24|3:4,2,4,2|4:20,16,20,16|5:24,16,24,16"
1690,3086.02294921875,-0.10999999940395355,1352.634521484375,2,0,1,0,10671;10672;10673,0:|1:10671;10672;10673,"0:2,2|1:4,4"
1697,3639.20849609375,-0.10999999940395355,1790.1854248046875,6,0,1,0,10727;10728;10729;10730;10731;10732;10733;10734;10735;10736;10737;10738;10739;10740,0:10727;10730;10732|1:10727;10729;10730;10731;10732;10734;10739|2:10728;10729;10731;10733;10734;10739|3:10735;10737;10740|4:10729;10731;10734;10735;10737;10739;10740|5:10729;10731;10734;10736;10738;10739,"0:2,4,2,4|1:16,20,16,20|2:16,24,16,24|3:4,2,4,2|4:20,16,20,16|5:24,16,24,16"
1700,715.944580078125,-0.10999999940395355,1738.509765625,4,0,1,0,10757;10758;10759;10760;10761;10762;10763,0:10757;10758;10759;10760|1:10758;10759;10760;10761;10763|2:10758;10759;10760;10762;10763|3:,"0:4,20,0|1:12,16,16|2:4,16,24|3:2,2,2"
1711,3652.83349609375,-0.10999999940395355,2172.8720703125,6,0,1,0,10832;10833;10834;10835;10836;10837;10838;10839;10840;10841;10842;10843;10844;10845,0:10833;10835;10843|1:10832;10833;10835;10837;10840;10843;10845|2:10832;10834;10837;10840;10844;10845|3:10836;10839;10841|4:10832;10836;10837;10839;10840;10841;10845|5:10832;10837;10838;10840;10842;10845,"0:2,4,2,4|1:16,20,16,20|2:16,24,16,24|3:4,2,4,2|4:20,16,20,16|5:24,16,24,16"
1714,3157.8046875,-0.10999999940395355,1720.26806640625,2,0,1,0,10857;10858;10859,0:|1:10857;10858;10859,"0:2,2|1:4,4"
1736,2784.46142578125,-0.10999999940395355,2139.32421875,2,0,1,0,10972;10973;10974,0:|1:10972;10973;10974,"0:2,2|1:4,4"
1738,1485.44873046875,-0.10999999940395355,2390.822509765625,2,0,1,0,10979;10980;10981,0:|1:10979;10980;10981,"0:2,2|1:4,4"
1743,3771.884521484375,-0.10999999940395355,2177.112060546875,6,0,1,0,11004;11005;11006;11007;11008;11009;11010;11011;11012;11013;11014;11015;11016;11017,0:11004;11006;11008|1:11004;11005;11006;11008;11010;11011;11015|2:11005;11007;11009;11010;11011;11015|3:11012;11014;11017|4:11005;11010;11011;11012;11014;11015;11017|5:11005;11010;11011;11013;11015;11016,"0:2,4,2,4|1:16,20,16,20|2:16,24,16,24|3:4,2,4,2|4:20,16,20,16|5:24,16,24,16"
1755,396.3482971191406,-0.10999999940395355,1778.199951171875,4,0,1,0,11069;11070;11071;11072;11073;11074;11075;11076,0:11069;11070;11071;11075|1:11069;11070;11073;11075;11076|2:11069;11070;11072;11073;11074;11075|3:,"0:16,12,0|1:24,4,16|2:16,4,20|3:2,2,2"
1766,3132.853271484375,-0.10999999940395355,2268.105712890625,4,0,1,0,11174;11175;11176;11177;11178;11179;11180,0:11176;11177;11178;11180|1:11175;11176;11178;11179;11180|2:11174;11175;11176;11178;11180|3:,"0:4,20,0|1:12,16,16|2:4,16,24|3:2,2,2"
1772,2152.37451171875,-0.10999999940395355,2043.5546875,6,0,1,0,11209;11210;11211;11212;11213;11214;11215;11216;11217;11218;11219;11220;11221;11222,0:11209;11211;11213|1:11209;11210;11211;11213;11214;11216;11221|2:11210;11212;11214;11215;11216;11221|3:11217;11219;11222|4:11210;11214;11216;11217;11219;11221;11222|5:11210;11214;11216;11218;11220;11221,"0:2,4,2,4|1:16,20,16,20|2:16,24,16,24|3:4,2,4,2|4:20,16,20,16|5:24,16,24,16"
1774,4203.05078125,-0.10999000072479248,1472.086669921875,4,0,1,0,11251;11252;11253;11254;11255;11256;11257;11258,0:11251;11254;11255|1:11251;11252;11253;11254;11256;11257|2:11251;11254;11256;11257;11258|3:,"0:16,24,0|1:20,16,4|2:16,16,12|3:2,2,2"
1778,1703.551025390625,-0.10999999940395355,2572.85205078125,4,0,1,0,11295;11296;11297;11298;11299;11300;11301,0:11295;11297;11298;11299|1:11295;11296;11297;11299;11300|2:11295;11297;11299;11300;11301|3:,"0:16,12,0|1:24,4,16|2:16,4,20|3:2,2,2"
1787,2587.025634765625,-0.10999999940395355,2140.12744140625,2,0,1,0,11333;11334;11335,0:|1:11333;11334;11335,"0:2,2|1:4,4"
1788,625.923828125,-0.10999999940395355,2326.53173828125,4,0,1,0,11337;11338;11339;11340;11341;11342;11343;11344,0:11337;11338;11340;11341;11342|1:11337;11338;11339;11341;11343|2:11337;11338;11341;11343;11344|3:,"0:4,20,0|1:12,16,16|2:4,16,24|3:2,2,2"
1804,3243.48828125,-0.10999999940395355,1302.8416748046875,4,0,1,0,11446;11447;11448;11449;11450;11451;11452,0:11447;11451;11452|1:11446;11447;11448;11449;11452|2:11447;11448;11449;11450;11452|3:,"0:16,24,0|1:20,16,4|2:16,16,12|3:2,2,2"
1818,3558.341552734375,-0.10999999940395355,720.4608154296875,4,0,1,0,11519;11520;11521;11522;11523;11524;11525;11526,0:11522;11523;11524;11525|1:11520;11522;11523;11525;11526|2:11519;11520;11521;11522;11523;11525|3:,"0:16,12,0|1:24,4,16|2:16,4,20|3:2,2,2"
1880,611.540283203125,-0.10931000113487244,2039.4202880859375,2,0,1,0,11873;11874,0:|1:11873;11874,"0:2,2|1:4,4"
1888,2154.990478515625,-0.09820999950170517,2139.864013671875,2,0,1,0,11907;11908;11909;11910,0:|1:11907;11908;11909;11910,"0:2,2|1:4,4"
1890,3105.20556640625,-0.10999999940395355,2057.0673828125,4,0,1,0,11921;11922;11923;11924;11925;11926;11927,0:11921;11922;11923;11926|1:11921;11922;11925;11926;11927|2:11921;11922;11924;11925;11926|3:,"0:16,12,0|1:24,4,16|2:16,4,20|3:2,2,2"
1895,2147.48779296875,-0.10999999940395355,2580.352783203125,6,0,1,0,11950;11951;11952;11953;11954;11955;11956;11957;11958;11959;11960;11961;11962;11963,0:11950;11952;11954|1:11950;11951;11952;11954;11955;11957;11962|2:11951;11953;11955;11956;11957;11962|3:11958;11960;11963|4:11951;11955;11957;11958;11960;11962;11963|5:11951;11955;11957;11959;11961;11962,"0:2,4,2,4|1:16,20,16,20|2:16,24,16,24|3:4,2,4,2|4:20,16,20,16|5:24,16,24,16"
1898,1693.239990234375,-0.06636500358581543,2694.43896484375,5,0,1,0,11980;11981;11982;11983;11984;11985;11986;11987,0:11980;11981;11983;11984;11985|1:11980;11981;11982;11984;11986|2:11980;11981;11984;11986;11987|3:|4:11980;11981;11983;11985,"0:4,20,0|1:12,16,16|2:4,16,24|3:2,2,0|4:4,4,0"
1901,2154.93115234375,-0.10999999940395355,2491.02587890625,4,0,1,0,12009;12010;12011;12012;12013;12014;12015,0:12009;12010;12011;12012|1:12010;12011;12012;12013;12014|2:12010;12011;12012;12014;12015|3:,"0:4,20,0|1:12,16,16|2:4,16,24|3:2,2,2"
1926,2926.11767578125,-0.10999999940395355,1012.1849365234375,2,0,1,0,12150;12151;12152;12153,0:|1:12150;12151;12152;12153,"0:2,2|1:4,4"
1963,680.4400634765625,-0.11181499809026718,1950.8641357421875,6,0,1,0,12359;12360;12361;12362;12363;12364;12365;12366;12367;12368;12369;12370;12371;12372,0:12360;12365;12366|1:12360;12361;12362;12365;12366;12367;12370|2:12359;12361;12362;12367;12368;12370|3:12364;12369;12372|4:12361;12362;12364;12367;12369;12370;12372|5:12361;12362;12363;12367;12370;12371,"0:2,4,2,4|1:16,20,16,20|2:16,24,16,24|3:4,2,4,2|4:20,16,20,16|5:24,16,24,16"
1970,3138.958740234375,-0.10999999940395355,2662.93017578125,4,0,1,0,12405;12406;12407;12408;12409;12410;12411;12412,0:12405;12406;12408;12409;12410|1:12405;12406;12407;12409;12411|2:12405;12406;12409;12411;12412|3:,"0:4,20,0|1:12,16,16|2:4,16,24|3:2,2,2"
1983,3639.97607421875,-0.10999999940395355,1061.27099609375,2,0,1,0,12483;12484;12485,0:|1:12483;12484;12485,"0:2,2|1:4,4"
1985,2962.1357421875,-0.10999999940395355,1223.1630859375,4,0,1,0,12490;12491;12492;12493;12494;12495;12496,0:12491;12495;12496|1:12490;12491;12492;12493;12496|2:12491;12492;12493;12494;12496|3:,"0:16,24,0|1:20,16,4|2:16,16,12|3:2,2,2"
1998,1913.39306640625,-0.10999999940395355,2044.906494140625,6,0,1,0,12555;12556;12557;12558;12559;12560;12561;12562;12563;12564;12565;12566;12567;12568,0:12564;12566;12568|1:12556;12560;12562;12564;12565;12566;12568|2:12556;12560;12562;12563;12565;12567|3:12555;12557;12559|4:12555;12556;12557;12559;12560;12562;12565|5:12556;12558;12560;12561;12562;12565,"0:2,4,2,4|1:16,20,16,20|2:16,24,16,24|3:4,2,4,2|4:20,16,20,16|5:24,16,24,16"
2002,2960.478515625,-0.10999999940395355,2226.291015625,2,0,1,0,12590;12591;12592,0:|1:12590;12591;12592,"0:2,2|1:4,4"
2017,1597.9580078125,-0.10999999940395355,2148.410888671875,4,0,1,0,12672;12673;12674;12675;12676;12677;12678,0:12672;12673;12674;12677|1:12672;12673;12676;12677;12678|2:12672;12673;12675;12676;12677|3:,"0:16,12,0|1:24,4,16|2:16,4,20|3:2,2,2"
2025,2766.2822265625,-0.10999999940395355,1194.2843017578125,4,0,1,0,12737;12738;12739;12740;12741;12742;12743,0:12740;12742;12743|1:12737;12739;12740;12741;12742|2:12737;12738;12740;12742|3:,"0:16,24,0|1:20,16,4|2:16,16,12|3:2,2,2"
2029,2438.259765625,-0.10999999940395355,1843.8017578125,2,0,1,0,12756;12757;12758,0:|1:12756;12757;12758,"0:2,2|1:4,4"
2031,1922.77734375,-0.10999999940395355,1761.532958984375,6,0,1,0,12763;12764;12765;12766;12767;12768;12769;12770;12771;12772;12773;12774;12775;12776;12777,0:12763;12765;12767;12769|1:12763;12764;12765;12767;12768;12769;12772;12774|2:12764;12766;12768;12770;12772;12774|3:12773;12775;12777|4:12764;12768;12772;12773;12774;12775;12777|5:12764;12768;12771;12772;12774;12776,"0:2,4,2,4|1:16,20,16,20|2:16,24,16,24|3:4,2,4,2|4:20,16,20,16|5:24,16,24,16"
2043,673.0677490234375,-0.06924499571323395,2105.077880859375,2,0,1,0,12841;12842,0:|1:12841;12842,"0:2,2|1:4,4"
2045,3568.95751953125,-0.10999999940395355,1295.518310546875,6,0,1,0,12846;12847;12848;12849;12850;12851;12852;12853;12854;12855;12856;12857;12858;12859,0:12850;12851;12854|1:12847;12849;12850;12851;12854;12855;12857|2:12847;12849;12852;12853;12855;12857|3:12848;12856;12858|4:12847;12848;12849;12855;12856;12857;12858|5:12846;12847;12849;12855;12857;12859,"0:2,4,2,4|1:16,20,16,20|2:16,24,16,24|3:4,2,4,2|4:20,16,20,16|5:24,16,24,16"
2058,3187.2021484375,-0.10999999940395355,1073.14013671875,6,0,1,0,12922;12923;12924;12925;12926;12927;12928;12929;12930;12931;12932;12933;12934;12935,0:12922;12924;12926|1:12922;12923;12924;12926;12928;12929;12933|2:12923;12925;12927;12928;12929;12933|3:12930;12932;12935|4:12923;12928;12929;12930;12932;12933;12935|5:12923;12928;12929;12931;12933;12934,"0:2,4,2,4|1:16,20,16,20|2:16,24,16,24|3:4,2,4,2|4:20,16,20,16|5:24,16,24,16"
2062,3209.733642578125,-0.10999999940395355,1164.38232421875,2,0,1,0,12954;12955;12956,0:|1:12954;12955;12956,"0:2,2|1:4,4"
2072,3770.555419921875,-0.10999999940395355,1780.752197265625,6,0,1,0,13026;13027;13028;13029;13030;13031;13032;13033;13034;13035;13036;13037;13038;13039,0:13026;13028;13030|1:13026;13027;13028;13030;13032;13034;13036|2:13027;13029;13031;13032;13034;13036|3:13035;13037;13039|4:13027;13032;13034;13035;13036;13037;13039|5:13027;13032;13033;13034;13036;13038,"0:2,4,2,4|1:16,20,16,20|2:16,24,16,24|3:4,2,4,2|4:20,16,20,16|5:24,16,24,16"
2104,2842.828125,-0.10500000417232513,2665.05908203125,3,0,1,0,13216;13219,0:13216;13219|1:13216|2:,"0:16,8,4|1:16,0,12|2:2,2,2"
2107,2759.047119140625,-0.10999999940395355,1361.327880859375,4,0,1,0,13228;13229;13230;13231;13232;13233;13234,0:13228;13229;13230;13231|1:13229;13230;13231;13232;13234|2:13229;13230;13231;13233;13234|3:,"0:4,20,0|1:12,16,16|2:4,16,24|3:2,2,2"
2113,1327.692626953125,-0.10999999940395355,1230.370361328125,4,0,1,0,13268;13269;13270;13271;13272;13273;13274;13275,0:13269;13274;13275|1:13268;13269;13270;13271;13272;13275|2:13269;13271;13272;13273;13275|3:,"0:16,24,0|1:20,16,4|2:16,16,12|3:2,2,2"
2135,2960.07470703125,-0.10999999940395355,1371.727294921875,6,0,1,0,13379;13380;13381;13382;13383;13384;13385;13386;13387;13388;13389;13390;13391;13392;13393,0:13384;13387;13388|1:13379;13384;13385;13386;13387;13388;13391|2:13379;13383;13385;13386;13389;13391|3:13380;13382;13390;13392|4:13379;13380;13382;13385;13386;13390;13391;13392|5:13379;13381;13385;13386;13391;13393,"0:2,4,2,4|1:16,20,16,20|2:16,24,16,24|3:4,2,4,2|4:20,16,20,16|5:24,16,24,16"
2157,2434.092529296875,-0.10999999940395355,2235.0087890625,2,0,1,0,13537;13538;13539;13540,0:|1:13537;13538;13539;13540,"0:2,2|1:4,4"
2159,900.241943359375,-0.05000000074505806,2420.038330078125,2,0,1,0,13544;13545;13546;13547,0:|1:13544;13545;13546;13547,"0:2,2|1:4,4"
2160,2607.783203125,-0.10999999940395355,1618.099853515625,6,0,1,0,13549;13550;13551;13552;13553;13554;13555;13556;13557;13558;13559;13560;13561;13562;13563,0:13549;13551;13553|1:13549;13550;13551;13553;13554;13556;13560|2:13550;13552;13554;13555;13556;13560|3:13558;13559;13561;13563|4:13550;13554;13556;13558;13559;13560;13561;13563|5:13550;13554;13556;13557;13560;13562,"0:2,4,2,4|1:16,20,16,20|2:16,24,16,24|3:4,2,4,2|4:20,16,20,16|5:24,16,24,16"
2170,1824.8916015625,-0.10999999940395355,2228.23974609375,4,0,1,0,13614;13615;13616;13617;13618;13619;13620,0:13615;13619;13620|1:13614;13615;13616;13617;13620|2:13615;13616;13617;13618;13620|3:,"0:16,24,0|1:20,16,4|2:16,16,12|3:2,2,2"
2171,904.435302734375,-0.10999999940395355,1386.0234375,4,0,1,0,13624;13625;13626;13627;13628;13629;13630,0:13627;13628;13629;13630|1:13624;13626;13627;13628|2:13624;13625;13627;13628|3:,"0:4,20,0|1:12,16,16|2:4,16,24|3:2,2,2"
2173,1911.26611328125,-0.10999999940395355,2578.68408203125,6,0,1,0,13637;13638;13639;13640;13641;13642;13643;13644;13645;13646;13647;13648;13649;13650,0:13637;13639;13641|1:13637;13638;13639;13641;13643;13644;13648|2:13638;13640;13642;13643;13644;13648|3:13645;13647;13650|4:13638;13643;13644;13645;13647;13648;13650|5:13638;13643;13644;13646;13648;13649,"0:2,4,2,4|1:16,20,16,20|2:16,24,16,24|3:4,2,4,2|4:20,16,20,16|5:24,16,24,16"
2177,3348.267578125,-0.10999999940395355,1905.502197265625,4,0,1,0,13680;13681;13682;13683;13684;13685;13686,0:13680;13682;13683|1:13680;13681;13682;13684;13685|2:13680;13682;13684;13685;13686|3:,"0:16,24,0|1:20,16,4|2:16,16,12|3:2,2,2"
2183,3776.62548828125,-0.10999999940395355,1986.1806640625,6,0,1,0,13715;13716;13717;13718;13719;13720;13721;13722;13723;13724;13725;13726;13727;13728,0:13720;13721;13724|1:13715;13719;13720;13721;13724;13725;13727|2:13715;13719;13722;13723;13725;13727|3:13716;13718;13726|4:13715;13716;13718;13719;13725;13726;13727|5:13715;13717;13719;13725;13727;13728,"0:2,4,2,4|1:16,20,16,20|2:16,24,16,24|3:4,2,4,2|4:20,16,20,16|5:24,16,24,16"
2190,924.5599365234375,-0.10999999940395355,1594.3828125,4,0,1,0,13781;13782;13783;13784;13785;13786;13787,0:13781;13782;13783;13784|1:13782;13784;13785;13786|2:13782;13784;13786;13787|3:,"0:4,20,0|1:12,16,16|2:4,16,24|3:2,2,2"
2195,2147.22607421875,-0.10999999940395355,2751.20068359375,4,0,1,0,13814;13815;13816;13817;13818;13819;13820;13821,0:13818;13820;13821|1:13814;13815;13817;13818;13819;13820|2:13814;13815;13816;13818;13820|3:,"0:16,24,0|1:20,16,4|2:16,16,12|3:2,2,2"
2203,3995.23876953125,-0.10999999940395355,1450.0538330078125,4,0,1,0,13887;13888;13889;13890;13891;13892;13893,0:13887;13889;13890;13891|1:13887;13888;13890;13892|2:13887;13890;13892;13893|3:,"0:4,20,0|1:12,16,16|2:4,16,24|3:2,2,2"
2209,2790.18115234375,-0.10999999940395355,2228.45166015625,6,0,1,0,13936;13937;13938;13939;13940;13941;13942;13943;13944;13945;13946;13947;13948;13949,0:13936;13938;13940|1:13936;13937;13938;13940;13941;13943;13948|2:13937;13939;13941;13942;13943;13948|3:13944;13946;13949|4:13937;13941;13943;13944;13946;13948;13949|5:13937;13941;13943;13945;13947;13948,"0:2,4,2,4|1:16,20,16,20|2:16,24,16,24|3:4,2,4,2|4:20,16,20,16|5:24,16,24,16"
2212,2605.918701171875,-0.10999999940395355,1515.6107177734375,2,0,1,0,13964;13965;13966,0:|1:13964;13965;13966,"0:2,2|1:4,4"
2220,2516.8291015625,-0.10999999940395355,1366.8431396484375,4,0,1,0,14000;14001;14002;14003;14004;14005;14006,0:14001;14005;14006|1:14000;14001;14002;14003;14005|2:14001;14003;14004;14005|3:,"0:16,24,0|1:20,16,4|2:16,16,12|3:2,2,2"
2224,673.7377319335938,-0.10999999940395355,1576.059326171875,2,0,1,0,14025;14026;14027,0:14025;14026;14027|1:,"0:16,0,20|1:2,2,2"
